gamma,Good,Poor,Weak
0,0.332,0.157,0.19266666666666668
0.1,0.28766666666666674,0.21600000000000005,0.22266666666666668
0.1778279410038923,0.28500000000000003,0.2423333333333334,0.2536666666666667
0.31622776601683794,0.2856666666666667,0.265,0.27066666666666667
0.5623413251903491,0.2866666666666667,0.2783333333333333,0.2786666666666667
1.0,0.3,0.3,0.3
