,Function,random_search - No Hypothesis,lamcts - No Hypothesis,lamcts+ - Good,lamcts+ - Good_Poor,lamcts+ - Good_Weak,lamcts+ - Poor,lamcts+ - Weak,lamcts+ - Weak_Poor,pibo - Good,pibo - Poor,pibo - Weak,hypbo - Poor,hypbo - Weak,hypbo - Good,hypbo - Poor_Good,hypbo - Weak_Good,hypbo - Poor_Weak,turbo - No Hypothesis
0,Branin_d2,354.82495341841974,256.69352971011944,2.6196085467550327,3.831986700153257,3.57793830423433,967.4492315786036,168.85236612394064,192.41368083441944,1.0871265981718858,2816.8794772465167,744.9172341679302,445.79299281872807,236.15419472558685,85.85203775854168,261.1260078167145,111.43928892482597,429.4997586956351,239.39929246135904
1,Sphere_d2,142.13422366713112,61.93533769535246,1.8401601266636827,3.0000893354216953,3.0000893354216953,162.97959090959947,40.092248049957114,41.83378523443832,0.8901107564141595,726.9654509258047,296.3054223755949,97.33217302731681,50.980096422535425,7.346159618921864,42.28832001952546,16.790938842489147,82.10058757277295,62.88812887785549
2,Ackley_d5,1792.0028665580885,1711.8164697268094,241.20531139201609,334.12005150394333,341.3552289895007,1822.9964514874814,1252.496512587505,1270.3570176108515,40.49313119702948,1869.9661261082204,1498.3454712295134,1811.015319261587,1213.190722633896,213.0185373594116,230.46049901413554,241.37857935584015,1255.4311310663004,1466.2220561226509
3,Ackley_d9,1971.9105040676118,1966.308918938864,345.9392840616964,384.81593264227297,384.81593264227297,2040.2729656713345,1626.2999965348113,1698.7612921810623,64.32138023671376,2030.803406716015,1598.5761370992082,1995.600068473579,1480.8504698055656,309.4359185417314,330.5600289799503,320.9082433029346,1539.958629041595,1798.037369173415
4,Rosenbrock_d14,88621188.32829332,40554044.94653757,65959.97570778505,158949.51241293325,105492.9705556315,107215618.47044353,2697080.700699185,3896061.1084349644,6346.113425025307,257094729.34996468,5000749.96139811,36684879.22953288,2373412.159339391,38500.972069044066,10816817.75130361,108727.76698271671,12822285.011121681,49481453.25208918
5,Levy_d20,12566.457900226727,9916.668380295103,119.88505678656054,171.2432583656987,167.6948227307618,12116.73870062329,5244.519622071595,5390.398435531024,13.450844327117847,20240.748732534004,11180.405430494235,7869.461599114958,6064.9770181698805,48.90794176027492,674.8078593197026,169.23193573406087,3951.4438618626104,10182.30975647599
