,Function,random_search - No Hypothesis,lamcts - No Hypothesis,lamcts+ - Good,lamcts+ - Good_Poor,lamcts+ - Good_Weak,lamcts+ - Poor,lamcts+ - Weak,lamcts+ - Weak_Poor,pibo - Good,pibo - Poor,pibo - Weak,hypbo - Poor,hypbo - Weak,hypbo - Good,hypbo - Poor_Good,hypbo - Weak_Good,hypbo - Poor_Weak,turbo - No Hypothesis
0,Branin_d2,246.65515731214487,149.96582930217878,1.8945942614299756,3.975415383085466,3.6656686892789496,203.09340226398973,77.12630821524755,89.64198081332168,1.2078106390361163,1804.0550106120809,396.57343781187683,175.5181517649578,99.06192907373537,5.281354960522574,21.21200887576429,14.006215618312078,110.00361413622798,393.23510084766224
1,Sphere_d2,107.82669738871122,49.481203202078724,1.035764641171969,1.6869889341155615,1.6869889341155615,31.04753609026301,13.785146838523914,15.70189341215152,0.6412003252615976,503.17512072635145,133.65590438930406,51.70862941397937,29.900116571573527,4.8957607162564525,11.670835048998548,8.183374023735237,33.69760453292209,63.68801094488159
2,Ackley_d5,155.45075669516635,432.79369433099305,43.06188678648133,53.451237911981295,40.02557642581789,251.11302628410849,299.045545955901,286.27015437693336,14.669972682523388,225.4699235888555,120.14640575956855,356.10231465535685,261.1891960628048,75.10510337286603,71.20584887921697,70.07133439531005,267.0435708853973,464.94410401376757
3,Ackley_d9,58.46790646634999,56.81373520603907,29.32483790497337,24.603213459081786,24.603213459081786,43.605077724502685,57.05628501004569,22.175899209862017,17.18295003791655,77.31595175414834,64.89556219745383,35.163512895588724,161.4254020025112,31.234978811506778,28.75526795619046,32.5773530431943,132.98295592148855,220.63338887029585
4,Rosenbrock_d14,28697395.289790742,22711218.19250534,26495.800142746528,68840.93740834386,47733.14941308968,24717689.413426917,670633.9355337026,840424.8294940831,2741.218494650599,110523212.8349915,538268.143586138,14365325.456623819,731334.8152854372,22858.113768961695,756323.3232928857,31880.71707419785,1261224.825416198,22798941.683321327
5,Levy_d20,2051.213914180009,3544.8708731656243,23.5408970018422,40.119886537671974,35.95233790114972,2875.187288934186,1248.5140644319747,1442.5857913693592,4.445615620940183,4653.915991112301,716.5600237118363,2579.560515635945,1676.6025093166961,42.312891116114265,155.64720243112643,58.2956401515345,1364.9623395294102,2515.243651637264
