,Function,random_search - No Hypothesis,lamcts - No Hypothesis,lamcts+ - Good,lamcts+ - Good_Poor,lamcts+ - Good_Weak,lamcts+ - Poor,lamcts+ - Weak,lamcts+ - Weak_Poor,pibo - Good,pibo - Poor,pibo - Weak,hypbo - Poor,hypbo - Weak,hypbo - Good,hypbo - Poor_Good,hypbo - Weak_Good,hypbo - Poor_Weak,turbo - No Hypothesis
0,Branin_d2,0.6602617442108091,0.0002930598135765,0.0001980165023183,4.363208942078958e-05,5.6860618469330654e-05,0.0337586941274585,0.0001089046635811,8.135270022766292e-05,0.0046108281481774,0.6423748466187279,1.1833145978900284,0.0007995480099072,0.000347596692487,1.5521185931101122e-05,1.4827875650550312e-05,1.553611806875219e-05,0.000324430745581,2.821098538999097
1,Sphere_d2,0.356656041553655,0.00011633822244,0.0924622119209127,0.2145718185465954,0.2145718185465954,2.693446668186966,1.853233672035479,2.031074376750416,0.0032538953154263,0.5664300982558915,0.8479837570451679,0.0002432455457659,0.0001535899011402,4.42227456794209e-07,5.376800851513103e-07,6.477843713669367e-07,0.00020768286736,0.0995792015145637
2,Ackley_d5,1.7791231795893263,5.996733899384508,0.5094524517164208,0.9714379475014018,0.5595327306865339,7.303927696432276,4.804268182622926,4.394028752497526,0.1051565165964725,4.093623792785257,2.226708955485296,5.475904117609143,2.5196355453199275,0.9226290367864568,0.7526876080029103,0.8822708123775777,2.6412177932335266,6.362092904301346
3,Ackley_d9,0.6963079797818835,1.1135226385325692,0.524957799950307,0.2455003323211712,0.2455003323211712,0.4266807152965983,2.023449459569276,0.2249835106556427,0.1561804457177138,1.3152651183581323,1.3915696776087978,0.4446165550717069,3.31450275893946,0.4978030452102202,0.4007707656929873,0.4878282920853742,3.324015015645582,4.413370721526567
4,Rosenbrock_d14,188235.54290778816,90354.25004907387,136.18416139785825,353.2724096322986,265.0504382086158,29328.03065461275,3580.98697042885,4352.949267288032,13.54284138297658,312783.10291016125,7959.183769304667,4917.033470736326,4556.5721128374,59.01256277759754,44.44974476107191,61.492914397001904,1624.5278703562508,85583.21292452028
5,Levy_d20,15.605718824896243,31.799127308667163,0.130228448691618,0.1830093224760958,0.1410472173916443,10.838958394670216,13.705868164107544,8.549037211718897,0.0290746439825051,30.652289879624877,19.361609812113205,14.70800818333794,14.079916657667562,0.2950829985042301,0.3974508371392268,0.3680829513845823,9.634648604588264,20.75658266243831
