,Function,random_search - No Hypothesis,lamcts - No Hypothesis,lamcts+ - Good,lamcts+ - Good_Poor,lamcts+ - Good_Weak,lamcts+ - Poor,lamcts+ - Weak,lamcts+ - Weak_Poor,pibo - Good,pibo - Poor,pibo - Weak,hypbo - Poor,hypbo - Weak,hypbo - Good,hypbo - Poor_Good,hypbo - Weak_Good,hypbo - Poor_Weak,turbo - No Hypothesis
0,Branin_d2,1.3524221026811258,0.796011128989318,0.0001267525860382,6.21588198165106e-05,6.557082076963358e-05,0.0112474942295984,0.000107103911803,0.0001350868075575,0.0032793672850525,0.7225407362325257,0.8576902404898539,0.7964322052581301,0.7960683237957609,0.7957871506734481,0.7957864643820696,0.7957864441602152,0.796053024808359,0.887699282853925
1,Sphere_d2,0.3746923527413133,0.0001403919075546,0.1623001543196527,0.3717034149190136,0.3717034149190136,5.159873598117133,4.094098452639014,4.892344622015073,0.0032227479617436,0.288980977509103,0.5717523881446875,0.0002040410063385,0.000153422227776,3.417351193939668e-07,5.037481119327927e-07,4.275415270254475e-07,0.0001850701688771,0.0432950851185182
2,Ackley_d5,16.795767148317907,14.201580233182204,0.7027481675249345,2.090703806137678,2.198489104756706,14.381344462041282,4.449345407211923,4.53142232411586,0.2602412097109264,15.767459577589689,9.662535006697656,15.447935910834437,7.926618734349622,0.8345105226213207,0.663190507034315,0.9941047712277208,8.500791357664014,12.478773218578931
3,Ackley_d9,19.29775353951573,19.141331470157887,3.34037998214802,3.846723208719329,3.846723208719329,20.26969590834525,14.930465680114766,16.95859416686436,0.5140456979927673,19.57637356863961,12.731681145578342,19.717130408939397,9.91748343292259,2.686230826155445,2.7525880679640964,2.615721276827192,10.887110815473772,15.766081324774069
4,Rosenbrock_d14,631954.8960516568,63272.6850368015,248.779471958076,817.8710496493358,451.0867080896901,48410.34753011631,7023.509001552076,17234.618620571917,37.27641733968184,1017119.784255196,41775.52748750097,9998.908065949889,5288.697552416741,33.52990534020664,31.840345412191827,57.2950911466794,4624.4721784662925,86485.5480133396
5,Levy_d20,106.4145804909403,70.0451036841521,0.4338021238017203,0.5809606111800274,0.5308243557162108,51.44804802255938,26.51270718308304,24.005890327081502,0.0955178114337126,117.06600851836517,87.42634651167911,34.26685466770707,43.431960166073175,0.1804642766187221,0.2418276787033819,0.2124305389293497,15.118569582893445,61.84266559019613
