,Function,random_search - No Hypothesis,lamcts - No Hypothesis,lamcts+ - Good,lamcts+ - Good_Poor,lamcts+ - Good_Weak,lamcts+ - Poor,lamcts+ - Weak,lamcts+ - Weak_Poor,pibo - Good,pibo - Poor,pibo - Weak,hypbo - Poor,hypbo - Weak,hypbo - Good,hypbo - Poor_Good,hypbo - Weak_Good,hypbo - Poor_Weak,turbo - No Hypothesis
0,Branin_d2,0.6137182169169255,0.0002834118050478,0.0001981547693695,4.363208942078958e-05,5.7380729507096e-05,0.0314638248948823,0.0001089046635811,8.477413928937161e-05,0.0045832622577509,0.6209229685788573,1.05398281738841,0.0007818448388114,0.0003112672100649,1.4095648755133671e-05,1.482087964646344e-05,1.374023768532577e-05,0.0002855603923121,2.821098538999097
1,Sphere_d2,0.3580995369558289,0.0001115531921033,0.0924622119209127,0.2145718185465954,0.2145718185465954,2.693446668186966,1.853233672035479,2.031074376750416,0.0032531443337864,0.5621626184676766,0.7566136003880639,0.0002399770311747,0.0001402723977045,4.0207595558167865e-07,5.395969697984809e-07,6.511402300379825e-07,0.0001982679643461,0.0985809174238452
2,Ackley_d5,1.7791231795893263,5.997254014549894,0.3254067516288007,1.108089292194358,0.4780817600175724,7.820814034022391,4.85421352725143,2.76376193788166,0.1050735927723712,4.194213926636463,2.1441380230536558,5.521840934202854,2.4853312751252337,0.8248585175775025,0.7288135849832937,0.8877332893787195,2.6317014313241245,6.362092904301346
3,Ackley_d9,0.6940644524932355,1.3010801922610775,0.516794511237658,0.2455003323211712,0.2455003323211712,0.4266807152965983,2.725447293761337,0.2249835106556427,0.1561804457177138,1.3208053195324003,1.28532681868123,0.4464834055710708,3.244967368875911,0.5188888694181137,0.4044830872259908,0.493447855143835,3.4816720952813216,4.529333899610256
4,Rosenbrock_d14,188336.36276747743,87043.35382281544,131.22529787319283,351.9566835159471,239.27903690825048,26465.70641222325,3541.7094444823865,4296.89597706469,13.54284138297658,279830.212580311,8442.301924723228,4392.324685082316,4301.419641025295,41.69456722166732,38.607933048111285,59.87771444201715,1616.1721397382491,85521.30637071673
5,Levy_d20,15.673938360859438,31.69511653896396,0.1292427051856572,0.1856518841166682,0.1165744906852679,11.419050174138778,13.696710071148074,8.744988089434573,0.0290746439825051,29.664533303691844,21.2307052326541,14.266215552701706,14.1603291486347,0.2927602442825067,0.3934694731852598,0.3686918917701817,9.653902957969343,20.920721946590525
