,Function,random_search - No Hypothesis,lamcts - No Hypothesis,lamcts+ - Good,lamcts+ - Good_Poor,lamcts+ - Good_Weak,lamcts+ - Poor,lamcts+ - Weak,lamcts+ - Weak_Poor,pibo - Good,pibo - Poor,pibo - Weak,hypbo - Poor,hypbo - Weak,hypbo - Good,hypbo - Poor_Good,hypbo - Weak_Good,hypbo - Poor_Weak,turbo - No Hypothesis
0,Branin_d2,249.8181198116436,149.96727287748067,1.8955846204756694,3.9756335435325703,3.6659555929264855,203.25531811865375,77.12685273856546,89.64239784114004,1.2308048047998568,1807.1916472399125,402.04836778506075,175.52205754074168,99.06357080908418,5.281427691641054,21.21208295984531,14.006289070521312,110.00508429397286,407.34059354265776
1,Sphere_d2,109.6171159040714,49.481770936378936,1.035764641171969,1.6869889341155615,1.6869889341155615,31.04753609026301,13.785146838523914,15.70189341215152,0.6574667979121697,506.001102448146,137.7674929816667,51.70983596577594,29.900853976623637,4.895762770775112,11.670837755568582,8.183377267589554,33.698617707435005,63.87490876512025
2,Ackley_d5,164.34637259311293,462.7744668112281,44.994483752130805,58.5825680387945,42.588207750395924,288.76770545474915,323.1570999974148,305.1509472987986,15.195672341681647,246.13701186730864,130.94696353432053,383.6576518514152,273.64542126130306,79.37762056612641,74.86100783708824,74.465968632372,280.15472325184146,496.5795747223584
3,Ackley_d9,61.94047225610481,62.74986131586761,31.916864440966105,25.830715120687643,25.830715120687643,45.738481300985676,68.4229796885874,23.30081676314023,17.963852266505125,83.91876541818426,71.43762326193615,37.389837672757224,177.66231607298198,33.813992235990646,30.78258707676237,35.02147395461627,150.10225638822115,243.0825043514095
4,Rosenbrock_d14,29638774.644049052,23153444.484591518,27161.844359161827,70559.9868921794,49008.43172378023,24847432.666605834,688337.6786854891,862077.1784538107,2808.9327015654812,111976760.31563085,578492.9924713431,14387989.3605607,753530.1888597683,23096.809048044277,756529.1203237918,32184.454021824084,1269333.1718219284,23226612.22258396
5,Levy_d20,2129.4471669123795,3703.199233893251,24.18711052777049,41.04377630718089,36.55921401354126,2930.53478749975,1316.3588530700022,1485.755374718335,4.590988840852709,4798.780776112448,817.9869924940642,2651.5164185788394,1747.213609352723,43.77847675284957,157.61741969386983,60.13763290692452,1413.1888285012951,2618.635549664417
