,Function,random_search - No Hypothesis,lamcts - No Hypothesis,lamcts+ - Good,lamcts+ - Good_Poor,lamcts+ - Good_Weak,lamcts+ - Poor,lamcts+ - Weak,lamcts+ - Weak_Poor,pibo - Good,pibo - Poor,pibo - Weak,hypbo - Good,hypbo - Poor,hypbo - Poor_Good,hypbo - Poor_Weak,hypbo - Weak,hypbo - Weak_Good,turbo - No Hypothesis
0,Branin_d2,249.8181198116436,149.96727287748067,1.8955846204756694,3.9756335435325703,3.6659555929264855,203.25531811865375,77.12685273856546,89.64239784114004,1.2308048047998568,1807.1916472399125,402.04836778506075,5.281427691641054,181.60436354421316,21.21208295984531,111.85993595932193,99.85147880484097,14.15218757426669,407.34059354265776
1,Sphere_d2,109.6171159040714,49.481770936378936,1.4434902073832907,2.5722257055416713,2.636774475583346,44.23619724417285,23.194221194018226,23.058575777471834,0.6574667979121697,506.001102448146,137.7674929816667,4.895762770775112,51.70983596577594,11.670837755568582,33.698617707435005,29.900853976623637,8.183377267589554,63.87490876512025
2,Ackley_d5,164.34637259311293,462.7744668112281,44.994483752130805,58.5825680387945,42.588207750395924,288.76770545474915,323.1570999974148,305.1509472987986,15.195672341681647,246.13701186730864,130.94696353432053,79.37762056612641,383.6576518514152,74.86100783708824,280.15472325184146,273.64542126130306,74.465968632372,496.5795747223584
3,Ackley_d9,61.94047225610481,62.74986131586761,31.916864440966105,25.830715120687643,25.830715120687643,45.738481300985676,68.4229796885874,23.30081676314023,17.963852266505125,83.91876541818426,71.43762326193615,33.813992235990646,37.389837672757224,30.78258707676237,150.10225638822115,177.66231607298198,35.02147395461627,243.0825043514095
4,Rosenbrock_d14,29638774.644049052,23153444.484591518,27161.844359161827,70559.9868921794,49008.43172378023,24847432.666605834,688337.6786854891,862077.1784538107,2808.9327015654812,111976760.31563085,578492.9924713431,23096.809048044277,14387989.3605607,756529.1203237918,1269333.1718219284,753530.1888597683,32184.454021824084,23226612.22258396
5,Levy_d20,2129.4471669123795,3703.199233893251,24.18711052777049,41.04377630718089,36.55921401354126,2930.53478749975,1316.3588530700022,1485.755374718335,4.590988840852709,4798.780776112448,817.9869924940642,43.77847675284957,2651.5164185788394,157.61741969386983,1413.1888285012951,1747.213609352723,60.13763290692452,2618.635549664417
