,Function,random_search - No Hypothesis,lamcts - No Hypothesis,lamcts+ - Good,lamcts+ - Good_Poor,lamcts+ - Good_Weak,lamcts+ - Poor,lamcts+ - Weak,lamcts+ - Weak_Poor,pibo - Good,pibo - Poor,pibo - Weak,hypbo - Poor,hypbo - Weak,hypbo - Good,hypbo - Poor_Good,hypbo - Weak_Good,hypbo - Poor_Weak,turbo - No Hypothesis
0,Branin_d2,361.4457058736052,260.6735551625942,2.620241878022527,3.8322974942523396,3.5782613508955476,967.5031068612657,168.85290164349965,192.41434795480723,1.1033820426195307,2820.375161769766,748.8000194940934,449.7748864571527,240.13441479341705,89.83096712004114,265.1049394737956,115.41821831401478,433.4799008570462,243.8377888756287
1,Sphere_d2,143.9987531638502,61.93602686277304,1.8401601266636827,3.0000893354216953,3.0000893354216953,162.97959090959947,40.092248049957114,41.83378523443832,0.906219962829852,728.3874492520558,299.0328365661816,97.3331887600062,50.98084529807189,7.346161231893626,42.28832243055695,16.79094085151296,82.10149689169812,63.25769390170441
2,Ackley_d5,1875.9817022996779,1782.0509241215145,244.1848228011081,343.8805961088088,350.904842904674,1894.1206494803055,1273.2875533564782,1289.8571761090943,41.7930147569485,1948.3830595861102,1545.0547463084547,1887.4284772814517,1252.0190928320433,216.73928589459476,233.52615224715626,246.04405600816446,1297.6721559111434,1528.3599632529633
3,Ackley_d9,2068.3916951563037,2061.765244009208,362.5158584785397,404.04954868586964,404.04954868586964,2141.6214452130603,1699.9272027791617,1783.5542630153845,66.89160872667759,2128.5758585088684,1661.596163593407,2094.172051879189,1529.3326101257978,322.7143622975818,344.2196100789029,333.95189634604174,1592.8953246745793,1876.6409452553937
4,Rosenbrock_d14,91779798.00273678,40853450.19611602,67192.41097166667,162863.93783939083,107605.29329282876,107436092.41558288,2731522.1555053103,3979565.768937438,6532.495511723716,262062872.24909294,5208169.364969707,36732214.83460265,2398774.696475463,38646.743765090076,10816965.297228485,109004.76932056896,12844562.08610499,49906482.6094044
5,Levy_d20,13097.730105936045,10264.208176853126,122.04471552637182,174.1189024903508,170.25425764641057,12370.313447708048,5373.880742333197,5508.989606582386,13.92843338428641,20808.006732922375,11601.835268117056,8035.316513916741,6281.788720441036,49.80225097104938,676.0074377223012,170.29048289140334,4026.7611509045255,10482.522858594075
