,Function,random_search - No Hypothesis,lamcts - No Hypothesis,lamcts+ - Good,lamcts+ - Good_Poor,lamcts+ - Good_Weak,lamcts+ - Poor,lamcts+ - Weak,lamcts+ - Weak_Poor,pibo - Good,pibo - Poor,pibo - Weak,hypbo - Good,hypbo - Poor,hypbo - Poor_Good,hypbo - Poor_Weak,hypbo - Weak,hypbo - Weak_Good,turbo - No Hypothesis
0,Branin_d2,1.3064754272527723,0.7959978584819544,0.0001265367546897,6.21588198165106e-05,6.460933224357577e-05,0.0104670524561715,0.000107103911803,0.0001323155908703,0.003200091089034,0.6865331900775387,0.7478403468472307,0.7957852292508197,0.7963613539334233,0.7957862209801366,0.7960121913665266,0.7960245319449035,0.7957866808764296,0.887699282853925
1,Sphere_d2,0.3728166915260655,0.0001353938018129,1.6201452146498583e-05,3.4708897464259654e-05,5.522903742754056e-05,3.508204982260706e-05,0.0001425492736157,6.112969773406363e-05,0.0032216146134872,0.2724730839998256,0.4759077339212865,3.1498482488314933e-07,0.000202441893483,4.655531752018025e-07,0.0001794193455712,0.0001452531212261,3.938819991675336e-07,0.0429935023814537
2,Ackley_d5,16.795767148317907,13.886500888998874,0.4834049029432424,1.8395806344123609,1.852519602205947,13.992215545978752,4.057053902804754,3.252115106289676,0.2589187210753172,15.524239881013129,9.244064146323018,0.6908432342756489,15.156092896515078,0.5937683471826358,8.392814281480328,7.667926537234102,0.8960949962232427,12.478773218578931
3,Ackley_d9,19.295859387293987,19.05017798237373,3.3088365394560477,3.846723208719329,3.846723208719329,20.26969590834525,14.51099726551815,16.95859416686436,0.5140456979927673,19.52674694596208,12.47422978808864,2.642487135702416,19.713833249337583,2.7242212317213457,10.45131634867152,9.548737517701452,2.596077836733117,15.701718669738934
4,Rosenbrock_d14,631372.4931442507,57678.52301458702,244.95877332181564,764.6837315992005,389.563256950973,42500.6391755142,6872.55069881062,16369.962391464822,37.27641733968184,982950.4706765428,41083.135654195634,26.482805032494845,9113.128803202186,27.57888451505924,4380.810684783851,4922.817570582842,53.72813646626594,83932.08425565263
5,Levy_d20,106.1476815758124,69.0099909357055,0.4319317479622506,0.5669573888741989,0.5047934694917755,50.28580006443348,25.604247787466125,23.4455063533556,0.0955178114337126,112.49022269510992,81.13415984055945,0.1778219407416684,32.75969151330004,0.2384947499804181,15.014097850906342,43.25653628605387,0.2108729319185531,58.742855836457366
