,Good,Good_Poor,Good_Weak,Poor,Weak,Weak_Poor
0,0.34751426154477094,0.39955802283598885,0.39955802283598885,5.149427018239927,2.6953724888870383,4.147412776621531
1,0.13682644312209824,0.21457181854659543,0.21457181854659543,3.219708537363887,1.6582338761739208,1.7999109012348795
2,0.13682644312209824,0.21457181854659543,0.21457181854659543,4.551204984254574,1.9476628656985302,1.7999109012348795
3,0.1372108576202637,0.21457181854659543,0.21457181854659543,4.5322663608143365,1.8768813119096484,1.7999109012348795
4,0.09246221192091275,0.21457181854659543,0.21457181854659543,4.5322663608143365,1.8768813119096484,2.09259917832452
5,0.09246221192091275,0.21457181854659543,0.21457181854659543,6.369216160588985,1.8768813119096484,2.031074376750416
6,0.09246221192091275,0.21457181854659543,0.21457181854659543,2.693446668186966,1.853233672035479,2.031074376750416
