,Good,Good_Poor,Good_Weak,Poor,Weak,Weak_Poor
0,1.0709048751470365,0.4098304064803232,0.4098304064803232,40.715978382385856,12.06242036511096,7.234753395822173
1,0.3111868139686854,0.4098304064803232,0.4098304064803232,29.909802454836367,6.36725795404543,7.234753395822173
2,0.3111868139686854,0.4098304064803232,0.4098304064803232,29.909802454836367,6.36725795404543,7.234753395822173
3,0.3111868139686854,0.4098304064803232,0.4098304064803232,29.497306264556126,6.196913483696678,7.234753395822173
4,0.3111868139686854,0.4098304064803232,0.4098304064803232,29.497306264556126,6.196913483696678,7.234753395822173
5,0.3111868139686854,0.4098304064803232,0.4098304064803232,12.258150401795746,6.196913483696678,7.234753395822173
6,0.3111868139686854,0.4098304064803232,0.4098304064803232,4.022800779557993,4.022800779557993,7.234753395822173
