,Good,Good_Poor,Good_Weak,Poor,Weak,Weak_Poor
0,0.48954221465350733,0.7698688459076141,0.7698688459076141,37.621229157618885,10.246326052653977,8.986572100534145
1,0.31581593520672163,0.3717034149190136,0.3717034149190136,33.56381980302603,8.216528887111544,5.983620012671629
2,0.31581593520672163,0.3717034149190136,0.3717034149190136,26.77255653625913,5.122552537387212,5.983620012671629
3,0.23208557863777404,0.3717034149190136,0.3717034149190136,24.585356174630483,4.1375807067217885,5.983620012671629
4,0.16230015431965278,0.3717034149190136,0.3717034149190136,24.585356174630483,4.1375807067217885,5.111663851859135
5,0.16230015431965278,0.3717034149190136,0.3717034149190136,10.691399465317328,4.1375807067217885,4.892344622015073
6,0.16230015431965278,0.3717034149190136,0.3717034149190136,5.159873598117133,4.094098452639014,4.892344622015073
